BusinessEntityID,NationalIDNumber,LoginID,JobTitle,BirthDate,MaritalStatus,Gender,HireDate,SalariedFlag,VacationHours,SickLeaveHours,Rate,PayFrequency,DepartmentID,Name,GroupName,ShiftID,StartDate,StartTime,EndTime
1,295847284,adventure-works\ken0,chief executive officer,1969-01-29,s,m,2009-01-14,True,99,69,125.5,2,16,executive,executive general and administration,1,2009-01-14,2025-10-16 07:00:00,2025-10-16 15:00:00
2,245797967,adventure-works\terri0,vice president of engineering,1971-08-01,s,f,2008-01-31,True,1,20,63.4615,2,1,engineering,research and development,1,2008-01-31,2025-10-16 07:00:00,2025-10-16 15:00:00
3,509647174,adventure-works\roberto0,engineering manager,1974-11-12,m,m,2007-11-11,True,2,21,43.2692,2,1,engineering,research and development,1,2007-11-11,2025-10-16 07:00:00,2025-10-16 15:00:00
4,112457891,adventure-works\rob0,senior tool designer,1974-12-23,s,m,2007-12-05,False,48,80,8.62,2,1,engineering,research and development,1,2007-12-05,2025-10-16 07:00:00,2025-10-16 15:00:00
4,112457891,adventure-works\rob0,senior tool designer,1974-12-23,s,m,2007-12-05,False,48,80,8.62,2,2,tool design,research and development,1,2010-05-31,2025-10-16 07:00:00,2025-10-16 15:00:00
4,112457891,adventure-works\rob0,senior tool designer,1974-12-23,s,m,2007-12-05,False,48,80,23.72,2,1,engineering,research and development,1,2007-12-05,2025-10-16 07:00:00,2025-10-16 15:00:00
4,112457891,adventure-works\rob0,senior tool designer,1974-12-23,s,m,2007-12-05,False,48,80,23.72,2,2,tool design,research and development,1,2010-05-31,2025-10-16 07:00:00,2025-10-16 15:00:00
4,112457891,adventure-works\rob0,senior tool designer,1974-12-23,s,m,2007-12-05,False,48,80,29.8462,2,1,engineering,research and development,1,2007-12-05,2025-10-16 07:00:00,2025-10-16 15:00:00
4,112457891,adventure-works\rob0,senior tool designer,1974-12-23,s,m,2007-12-05,False,48,80,29.8462,2,2,tool design,research and development,1,2010-05-31,2025-10-16 07:00:00,2025-10-16 15:00:00
5,695256908,adventure-works\gail0,design engineer,1952-09-27,m,f,2008-01-06,True,5,22,32.6923,2,1,engineering,research and development,1,2008-01-06,2025-10-16 07:00:00,2025-10-16 15:00:00
6,998320692,adventure-works\jossef0,design engineer,1959-03-11,m,m,2008-01-24,True,6,23,32.6923,2,1,engineering,research and development,1,2008-01-24,2025-10-16 07:00:00,2025-10-16 15:00:00
7,134969118,adventure-works\dylan0,research and development manager,1987-02-24,m,m,2009-02-08,True,61,50,50.4808,2,6,research and development,research and development,1,2009-02-08,2025-10-16 07:00:00,2025-10-16 15:00:00
8,811994146,adventure-works\diane1,research and development engineer,1986-06-05,s,f,2008-12-29,True,62,51,40.8654,2,6,research and development,research and development,1,2008-12-29,2025-10-16 07:00:00,2025-10-16 15:00:00
9,658797903,adventure-works\gigi0,research and development engineer,1979-01-21,m,f,2009-01-16,True,63,51,40.8654,2,6,research and development,research and development,1,2009-01-16,2025-10-16 07:00:00,2025-10-16 15:00:00
10,879342154,adventure-works\michael6,research and development manager,1984-11-30,m,m,2009-05-03,True,16,64,42.4808,2,6,research and development,research and development,1,2009-05-03,2025-10-16 07:00:00,2025-10-16 15:00:00
11,974026903,adventure-works\ovidiu0,senior tool designer,1978-01-17,s,m,2010-12-05,False,7,23,28.8462,2,2,tool design,research and development,1,2010-12-05,2025-10-16 07:00:00,2025-10-16 15:00:00
12,480168528,adventure-works\thierry0,tool designer,1959-07-29,m,m,2007-12-11,False,9,24,25.0,2,2,tool design,research and development,1,2007-12-11,2025-10-16 07:00:00,2025-10-16 15:00:00
13,486228782,adventure-works\janice0,tool designer,1989-05-28,m,f,2010-12-23,False,8,24,25.0,2,2,tool design,research and development,1,2010-12-23,2025-10-16 07:00:00,2025-10-16 15:00:00
14,42487730,adventure-works\michael8,senior design engineer,1979-06-16,s,m,2010-12-30,True,3,21,36.0577,2,1,engineering,research and development,1,2010-12-30,2025-10-16 07:00:00,2025-10-16 15:00:00
15,56920285,adventure-works\sharon0,design engineer,1961-05-02,m,f,2011-01-18,True,4,22,32.6923,2,1,engineering,research and development,1,2011-01-18,2025-10-16 07:00:00,2025-10-16 15:00:00
16,24756624,adventure-works\david0,marketing manager,1975-03-19,s,m,2007-12-20,True,40,40,24.0,2,5,purchasing,inventory management,1,2007-12-20,2025-10-16 07:00:00,2025-10-16 15:00:00
16,24756624,adventure-works\david0,marketing manager,1975-03-19,s,m,2007-12-20,True,40,40,24.0,2,4,marketing,sales and marketing,1,2009-07-15,2025-10-16 07:00:00,2025-10-16 15:00:00
16,24756624,adventure-works\david0,marketing manager,1975-03-19,s,m,2007-12-20,True,40,40,28.75,2,5,purchasing,inventory management,1,2007-12-20,2025-10-16 07:00:00,2025-10-16 15:00:00
16,24756624,adventure-works\david0,marketing manager,1975-03-19,s,m,2007-12-20,True,40,40,28.75,2,4,marketing,sales and marketing,1,2009-07-15,2025-10-16 07:00:00,2025-10-16 15:00:00
16,24756624,adventure-works\david0,marketing manager,1975-03-19,s,m,2007-12-20,True,40,40,37.5,2,5,purchasing,inventory management,1,2007-12-20,2025-10-16 07:00:00,2025-10-16 15:00:00
16,24756624,adventure-works\david0,marketing manager,1975-03-19,s,m,2007-12-20,True,40,40,37.5,2,4,marketing,sales and marketing,1,2009-07-15,2025-10-16 07:00:00,2025-10-16 15:00:00
17,253022876,adventure-works\kevin0,marketing assistant,1987-05-03,s,m,2007-01-26,False,42,41,13.4615,2,4,marketing,sales and marketing,1,2007-01-26,2025-10-16 07:00:00,2025-10-16 15:00:00
18,222969461,adventure-works\john5,marketing specialist,1978-03-06,s,m,2011-02-07,False,48,44,14.4231,2,4,marketing,sales and marketing,1,2011-02-07,2025-10-16 07:00:00,2025-10-16 15:00:00
19,52541318,adventure-works\mary2,marketing assistant,1978-01-29,s,f,2011-02-14,False,43,41,13.4615,2,4,marketing,sales and marketing,1,2011-02-14,2025-10-16 07:00:00,2025-10-16 15:00:00
20,323403273,adventure-works\wanida0,marketing assistant,1975-03-17,m,f,2011-01-07,False,41,40,13.4615,2,4,marketing,sales and marketing,1,2011-01-07,2025-10-16 07:00:00,2025-10-16 15:00:00
21,243322160,adventure-works\terry0,marketing specialist,1986-02-04,m,m,2009-03-02,False,44,42,14.4231,2,4,marketing,sales and marketing,1,2009-03-02,2025-10-16 07:00:00,2025-10-16 15:00:00
22,95958330,adventure-works\sariya0,marketing specialist,1987-05-21,s,m,2008-12-12,False,45,42,14.4231,2,4,marketing,sales and marketing,1,2008-12-12,2025-10-16 07:00:00,2025-10-16 15:00:00
23,767955365,adventure-works\mary0,marketing specialist,1962-09-13,m,f,2009-01-12,False,46,43,14.4231,2,4,marketing,sales and marketing,1,2009-01-12,2025-10-16 07:00:00,2025-10-16 15:00:00
24,72636981,adventure-works\jill0,marketing specialist,1979-06-18,m,f,2009-01-18,False,47,43,14.4231,2,4,marketing,sales and marketing,1,2009-01-18,2025-10-16 07:00:00,2025-10-16 15:00:00
25,519899904,adventure-works\james1,vice president of production,1983-01-07,s,m,2009-02-03,True,64,52,84.1346,2,7,production,manufacturing,1,2009-02-03,2025-10-16 07:00:00,2025-10-16 15:00:00
26,277173473,adventure-works\peter0,production control manager,1982-11-03,m,m,2008-12-01,True,43,41,24.5192,2,8,production control,manufacturing,1,2008-12-01,2025-10-16 07:00:00,2025-10-16 15:00:00
27,446466105,adventure-works\jo0,production supervisor - wc60,1956-10-08,s,f,2008-02-27,False,80,60,25.0,2,7,production,manufacturing,1,2008-02-27,2025-10-16 07:00:00,2025-10-16 15:00:00
28,14417807,adventure-works\guy1,production technician - wc60,1988-03-13,m,m,2006-06-30,False,21,30,12.45,1,7,production,manufacturing,1,2006-06-30,2025-10-16 07:00:00,2025-10-16 15:00:00
29,948320468,adventure-works\mark1,production technician - wc60,1979-09-25,s,m,2009-01-23,False,19,29,12.45,1,7,production,manufacturing,1,2009-01-23,2025-10-16 07:00:00,2025-10-16 15:00:00
30,410742000,adventure-works\britta0,production technician - wc60,1989-09-28,m,f,2009-01-29,False,14,27,12.45,1,7,production,manufacturing,1,2009-01-29,2025-10-16 07:00:00,2025-10-16 15:00:00
31,750246141,adventure-works\margie0,production technician - wc60,1986-05-20,m,f,2009-01-04,False,18,29,12.45,1,7,production,manufacturing,1,2009-01-04,2025-10-16 07:00:00,2025-10-16 15:00:00
32,330211482,adventure-works\rebecca0,production technician - wc60,1977-07-10,m,f,2008-12-29,False,23,31,12.45,1,7,production,manufacturing,1,2008-12-29,2025-10-16 07:00:00,2025-10-16 15:00:00
33,801758002,adventure-works\annik0,production technician - wc60,1976-12-26,m,m,2008-12-17,False,17,28,12.45,1,7,production,manufacturing,1,2008-12-17,2025-10-16 07:00:00,2025-10-16 15:00:00
34,754372876,adventure-works\suchitra0,production technician - wc60,1987-06-10,m,f,2009-02-16,False,15,27,12.45,1,7,production,manufacturing,1,2009-02-16,2025-10-16 07:00:00,2025-10-16 15:00:00
35,999440576,adventure-works\brandon0,production technician - wc60,1977-01-10,m,m,2009-02-08,False,22,31,12.45,1,7,production,manufacturing,1,2009-02-08,2025-10-16 07:00:00,2025-10-16 15:00:00
36,788456780,adventure-works\jose0,production technician - wc60,1984-07-31,m,m,2009-02-10,False,20,30,12.45,1,7,production,manufacturing,1,2009-02-10,2025-10-16 07:00:00,2025-10-16 15:00:00
37,442121106,adventure-works\chris2,production technician - wc60,1986-08-07,s,m,2009-03-07,False,16,28,12.45,1,7,production,manufacturing,1,2009-03-07,2025-10-16 07:00:00,2025-10-16 15:00:00
38,6298838,adventure-works\kim1,production technician - wc60,1966-12-14,m,f,2010-01-16,False,24,32,12.45,1,7,production,manufacturing,1,2010-01-16,2025-10-16 07:00:00,2025-10-16 15:00:00
39,461786517,adventure-works\ed0,production technician - wc60,1971-09-11,s,m,2010-02-05,False,25,32,12.45,1,7,production,manufacturing,1,2010-02-05,2025-10-16 07:00:00,2025-10-16 15:00:00
40,309738752,adventure-works\jolynn0,production supervisor - wc60,1956-01-16,s,f,2007-12-26,False,82,61,25.0,2,7,production,manufacturing,3,2007-12-26,2025-10-16 23:00:00,2025-10-16 07:00:00
41,458159238,adventure-works\bryan0,production technician - wc60,1973-08-27,s,m,2009-01-21,False,35,37,12.45,1,7,production,manufacturing,3,2009-01-21,2025-10-16 23:00:00,2025-10-16 07:00:00
42,339712426,adventure-works\james0,production technician - wc60,1984-07-25,m,m,2008-12-27,False,39,39,12.45,1,7,production,manufacturing,3,2008-12-27,2025-10-16 23:00:00,2025-10-16 07:00:00
43,693325305,adventure-works\nancy0,production technician - wc60,1988-11-19,m,f,2009-01-02,False,34,37,12.45,1,7,production,manufacturing,3,2009-01-02,2025-10-16 23:00:00,2025-10-16 07:00:00
44,276751903,adventure-works\simon0,production technician - wc60,1990-05-17,s,m,2008-12-08,False,38,39,12.45,1,7,production,manufacturing,3,2008-12-08,2025-10-16 23:00:00,2025-10-16 07:00:00
45,500412746,adventure-works\thomas0,production technician - wc60,1986-01-10,m,m,2009-02-26,False,37,38,12.45,1,7,production,manufacturing,3,2009-02-26,2025-10-16 23:00:00,2025-10-16 07:00:00
46,66073987,adventure-works\eugene1,production technician - wc60,1976-02-10,s,m,2009-02-08,False,36,38,12.45,1,7,production,manufacturing,3,2009-02-08,2025-10-16 23:00:00,2025-10-16 07:00:00
47,33237992,adventure-works\andrew0,production supervisor - wc10,1988-09-06,s,m,2009-02-22,False,65,52,25.0,2,7,production,manufacturing,1,2009-02-22,2025-10-16 07:00:00,2025-10-16 15:00:00
48,690627818,adventure-works\ruth0,production technician - wc10,1956-06-04,m,f,2008-01-06,False,83,61,13.45,1,7,production,manufacturing,1,2008-01-06,2025-10-16 07:00:00,2025-10-16 15:00:00
49,912265825,adventure-works\barry0,production technician - wc10,1956-03-26,s,m,2008-01-07,False,88,64,13.45,1,7,production,manufacturing,1,2008-01-07,2025-10-16 07:00:00,2025-10-16 15:00:00
50,844973625,adventure-works\sidney0,production technician - wc10,1956-08-30,m,m,2008-02-02,False,84,62,13.45,1,7,production,manufacturing,1,2008-02-02,2025-10-16 07:00:00,2025-10-16 15:00:00
51,132674823,adventure-works\jeffrey0,production technician - wc10,1956-07-11,s,m,2008-02-20,False,85,62,13.45,1,7,production,manufacturing,1,2008-02-20,2025-10-16 07:00:00,2025-10-16 15:00:00
52,565090917,adventure-works\doris0,production technician - wc10,1956-04-04,m,f,2008-03-10,False,86,63,13.45,1,7,production,manufacturing,1,2008-03-10,2025-10-16 07:00:00,2025-10-16 15:00:00
53,9659517,adventure-works\diane0,production technician - wc10,1956-03-29,m,f,2008-03-28,False,87,63,13.45,1,7,production,manufacturing,1,2008-03-28,2025-10-16 07:00:00,2025-10-16 15:00:00
54,109272464,adventure-works\bonnie0,production technician - wc10,1986-09-10,m,f,2010-01-01,False,89,64,13.45,1,7,production,manufacturing,1,2010-01-01,2025-10-16 07:00:00,2025-10-16 15:00:00
55,233069302,adventure-works\taylor0,production supervisor - wc50,1956-04-01,m,m,2008-02-08,False,79,59,25.0,2,7,production,manufacturing,3,2008-02-08,2025-10-16 23:00:00,2025-10-16 07:00:00
56,652535724,adventure-works\denise0,production technician - wc50,1988-07-06,m,f,2009-02-05,False,9,24,11.0,1,7,production,manufacturing,3,2009-02-05,2025-10-16 23:00:00,2025-10-16 07:00:00
57,10708100,adventure-works\frank1,production technician - wc50,1971-07-24,s,m,2009-02-23,False,10,25,11.0,1,7,production,manufacturing,3,2009-02-23,2025-10-16 23:00:00,2025-10-16 07:00:00
58,571658797,adventure-works\kendall0,production technician - wc50,1986-05-30,m,m,2008-12-05,False,11,25,11.0,1,7,production,manufacturing,3,2008-12-05,2025-10-16 23:00:00,2025-10-16 07:00:00
59,843479922,adventure-works\bob0,production technician - wc50,1979-08-16,s,m,2008-12-24,False,12,26,11.0,1,7,production,manufacturing,3,2008-12-24,2025-10-16 23:00:00,2025-10-16 07:00:00
60,827686041,adventure-works\pete0,production technician - wc50,1977-02-03,s,m,2009-01-11,False,13,26,11.0,1,7,production,manufacturing,3,2009-01-11,2025-10-16 23:00:00,2025-10-16 07:00:00
61,92096924,adventure-works\diane2,production technician - wc50,1989-08-09,s,f,2009-01-18,False,8,24,11.0,1,7,production,manufacturing,3,2009-01-18,2025-10-16 23:00:00,2025-10-16 07:00:00
62,494170342,adventure-works\john0,production supervisor - wc60,1956-08-07,m,m,2008-03-17,False,81,60,25.0,2,7,production,manufacturing,2,2008-03-17,2025-10-16 15:00:00,2025-10-16 23:00:00
63,414476027,adventure-works\maciej0,production technician - wc60,1955-01-30,s,m,2010-01-29,False,30,35,12.45,1,7,production,manufacturing,2,2010-01-29,2025-10-16 15:00:00,2025-10-16 23:00:00
64,582347317,adventure-works\michael7,production technician - wc60,1973-09-05,s,m,2010-02-23,False,26,33,12.45,1,7,production,manufacturing,2,2010-02-23,2025-10-16 15:00:00,2025-10-16 23:00:00
65,8066363,adventure-works\randy0,production technician - wc60,1970-04-28,m,m,2010-02-23,False,29,34,12.45,1,7,production,manufacturing,2,2010-02-23,2025-10-16 15:00:00,2025-10-16 23:00:00
66,834186596,adventure-works\karan0,production technician - wc60,1970-03-07,s,m,2009-12-22,False,28,34,12.45,1,7,production,manufacturing,2,2009-12-22,2025-10-16 15:00:00,2025-10-16 23:00:00
67,63179277,adventure-works\jay0,production technician - wc60,1976-02-11,s,m,2009-03-05,False,32,36,12.45,1,7,production,manufacturing,2,2009-03-05,2025-10-16 15:00:00,2025-10-16 23:00:00
68,537092325,adventure-works\charles0,production technician - wc60,1971-09-02,s,m,2009-12-03,False,27,33,12.45,1,7,production,manufacturing,2,2009-12-03,2025-10-16 15:00:00,2025-10-16 23:00:00
69,752513276,adventure-works\steve0,production technician - wc60,1991-04-06,s,m,2009-02-15,False,31,35,12.45,1,7,production,manufacturing,2,2009-02-15,2025-10-16 15:00:00,2025-10-16 23:00:00
70,36151748,adventure-works\david2,production technician - wc60,1984-12-29,m,m,2008-12-15,False,33,36,12.45,1,7,production,manufacturing,2,2008-12-15,2025-10-16 15:00:00,2025-10-16 23:00:00
71,578935259,adventure-works\michael3,production supervisor - wc30,1989-01-29,s,m,2009-02-15,False,70,55,25.0,2,7,production,manufacturing,3,2009-02-15,2025-10-16 23:00:00,2025-10-16 07:00:00
72,443968955,adventure-works\steven0,production technician - wc30,1977-05-14,m,m,2008-12-01,False,41,40,9.5,1,7,production,manufacturing,3,2008-12-01,2025-10-16 23:00:00,2025-10-16 07:00:00
73,138280935,adventure-works\carole0,production technician - wc30,1983-10-19,m,f,2008-12-19,False,42,41,9.5,1,7,production,manufacturing,3,2008-12-19,2025-10-16 23:00:00,2025-10-16 07:00:00
74,420023788,adventure-works\bjorn0,production technician - wc30,1989-11-06,s,m,2009-01-07,False,43,41,9.5,1,7,production,manufacturing,3,2009-01-07,2025-10-16 23:00:00,2025-10-16 07:00:00
75,363996959,adventure-works\michiko0,production technician - wc30,1982-06-27,s,m,2009-01-26,False,44,42,9.5,1,7,production,manufacturing,3,2009-01-26,2025-10-16 23:00:00,2025-10-16 07:00:00
76,227319668,adventure-works\carol0,production technician - wc30,1988-10-17,m,f,2009-02-12,False,45,42,9.5,1,7,production,manufacturing,3,2009-02-12,2025-10-16 23:00:00,2025-10-16 07:00:00
77,301435199,adventure-works\merav0,production technician - wc30,1983-05-13,m,f,2009-03-03,False,46,43,9.5,1,7,production,manufacturing,3,2009-03-03,2025-10-16 23:00:00,2025-10-16 07:00:00
78,370989364,adventure-works\reuben0,production supervisor - wc40,1987-08-27,m,m,2008-12-15,False,72,56,25.0,2,7,production,manufacturing,2,2008-12-15,2025-10-16 15:00:00,2025-10-16 23:00:00
79,697712387,adventure-works\eric1,production technician - wc40,1966-12-08,m,m,2010-01-24,False,60,50,15.0,1,7,production,manufacturing,2,2010-01-24,2025-10-16 15:00:00,2025-10-16 23:00:00
80,943170460,adventure-works\sandeep0,production technician - wc40,1970-12-03,s,m,2010-01-17,False,65,52,15.0,1,7,production,manufacturing,2,2010-01-17,2025-10-16 15:00:00,2025-10-16 23:00:00
81,413787783,adventure-works\mihail0,production technician - wc40,1971-03-09,s,m,2009-12-29,False,64,52,15.0,1,7,production,manufacturing,2,2009-12-29,2025-10-16 15:00:00,2025-10-16 23:00:00
82,58791499,adventure-works\jack1,production technician - wc40,1973-08-29,s,m,2010-03-03,False,62,51,15.0,1,7,production,manufacturing,2,2010-03-03,2025-10-16 15:00:00,2025-10-16 23:00:00
83,988315686,adventure-works\patrick1,production technician - wc40,1973-12-23,m,m,2010-02-12,False,61,50,15.0,1,7,production,manufacturing,2,2010-02-12,2025-10-16 15:00:00,2025-10-16 23:00:00
84,947029962,adventure-works\frank3,production technician - wc40,1952-03-02,m,m,2010-02-05,False,66,53,15.0,1,7,production,manufacturing,2,2010-02-05,2025-10-16 15:00:00,2025-10-16 23:00:00
85,1662732,adventure-works\brian2,production technician - wc40,1970-12-23,s,m,2009-12-11,False,63,51,15.0,1,7,production,manufacturing,2,2009-12-11,2025-10-16 15:00:00,2025-10-16 23:00:00
86,769680433,adventure-works\ryan0,production technician - wc40,1972-06-13,m,m,2009-01-05,False,59,49,15.0,1,7,production,manufacturing,2,2009-01-05,2025-10-16 15:00:00,2025-10-16 23:00:00
87,7201901,adventure-works\cristian0,production supervisor - wc10,1984-04-11,m,m,2008-12-22,False,67,53,25.0,2,7,production,manufacturing,3,2008-12-22,2025-10-16 23:00:00,2025-10-16 07:00:00
88,294148271,adventure-works\betsy0,production technician - wc10,1966-12-17,s,f,2009-12-18,False,99,69,13.45,1,7,production,manufacturing,3,2009-12-18,2025-10-16 23:00:00,2025-10-16 07:00:00
89,90888098,adventure-works\patrick0,production technician - wc10,1986-09-10,s,m,2010-02-01,False,96,68,13.45,1,7,production,manufacturing,3,2010-02-01,2025-10-16 23:00:00,2025-10-16 07:00:00
90,82638150,adventure-works\danielle0,production technician - wc10,1986-09-07,s,f,2010-02-20,False,97,68,13.45,1,7,production,manufacturing,3,2010-02-20,2025-10-16 23:00:00,2025-10-16 07:00:00
91,390124815,adventure-works\kimberly0,production technician - wc10,1986-09-13,s,f,2010-01-12,False,95,67,13.45,1,7,production,manufacturing,3,2010-01-12,2025-10-16 23:00:00,2025-10-16 07:00:00
92,826454897,adventure-works\tom0,production technician - wc10,1986-10-01,m,m,2010-03-10,False,98,69,13.45,1,7,production,manufacturing,3,2010-03-10,2025-10-16 23:00:00,2025-10-16 07:00:00
93,778552911,adventure-works\kok-ho0,production supervisor - wc50,1980-04-28,s,m,2008-12-27,False,78,59,25.0,2,7,production,manufacturing,2,2008-12-27,2025-10-16 15:00:00,2025-10-16 23:00:00
94,718299860,adventure-works\russell0,production technician - wc50,1972-11-25,m,m,2008-12-12,False,6,23,11.0,1,7,production,manufacturing,2,2008-12-12,2025-10-16 15:00:00,2025-10-16 23:00:00
95,674171828,adventure-works\jim0,production technician - wc50,1986-09-08,m,m,2008-12-19,False,1,20,11.0,1,7,production,manufacturing,2,2008-12-19,2025-10-16 15:00:00,2025-10-16 23:00:00
96,912141525,adventure-works\elizabeth0,production technician - wc50,1990-01-25,m,f,2009-03-02,False,5,22,11.0,1,7,production,manufacturing,2,2009-03-02,2025-10-16 15:00:00,2025-10-16 23:00:00
97,370581729,adventure-works\mandar0,production technician - wc50,1986-03-21,s,m,2009-02-10,False,0,20,11.0,1,7,production,manufacturing,2,2009-02-10,2025-10-16 15:00:00,2025-10-16 23:00:00
98,152085091,adventure-works\sameer0,production technician - wc50,1978-06-26,m,m,2009-02-11,False,4,22,11.0,1,7,production,manufacturing,2,2009-02-11,2025-10-16 15:00:00,2025-10-16 23:00:00
99,431859843,adventure-works\nuan0,production technician - wc50,1979-03-29,s,m,2009-01-06,False,2,21,11.0,1,7,production,manufacturing,2,2009-01-06,2025-10-16 15:00:00,2025-10-16 23:00:00
100,204035155,adventure-works\lolan0,production technician - wc50,1973-01-24,m,m,2009-01-12,False,7,23,11.0,1,7,production,manufacturing,2,2009-01-12,2025-10-16 15:00:00,2025-10-16 23:00:00
101,153288994,adventure-works\houman0,production technician - wc50,1971-08-30,m,m,2009-01-25,False,3,21,11.0,1,7,production,manufacturing,2,2009-01-25,2025-10-16 15:00:00,2025-10-16 23:00:00
102,360868122,adventure-works\zheng0,production supervisor - wc10,1983-10-26,s,m,2008-12-03,False,66,53,25.0,2,7,production,manufacturing,2,2008-12-03,2025-10-16 15:00:00,2025-10-16 23:00:00
103,455563743,adventure-works\ebru0,production technician - wc10,1986-09-22,s,m,2009-12-06,False,93,66,13.45,1,7,production,manufacturing,2,2009-12-06,2025-10-16 15:00:00,2025-10-16 23:00:00
104,717889520,adventure-works\mary1,production technician - wc10,1986-09-19,m,f,2009-12-25,False,94,67,13.45,1,7,production,manufacturing,2,2009-12-25,2025-10-16 15:00:00,2025-10-16 23:00:00
105,801365500,adventure-works\kevin2,production technician - wc10,1986-09-19,s,m,2009-12-25,False,90,65,13.45,1,7,production,manufacturing,2,2009-12-25,2025-10-16 15:00:00,2025-10-16 23:00:00
106,561196580,adventure-works\john4,production technician - wc10,1986-09-28,s,m,2010-02-27,False,92,66,13.45,1,7,production,manufacturing,2,2010-02-27,2025-10-16 15:00:00,2025-10-16 23:00:00
107,393421437,adventure-works\christopher0,production technician - wc10,1986-10-01,m,m,2010-02-08,False,91,65,13.45,1,7,production,manufacturing,2,2010-02-08,2025-10-16 15:00:00,2025-10-16 23:00:00
108,630184120,adventure-works\jinghao0,production supervisor - wc50,1989-02-05,s,m,2008-12-08,False,77,58,25.0,2,7,production,manufacturing,1,2008-12-08,2025-10-16 07:00:00,2025-10-16 15:00:00
109,113695504,adventure-works\alice0,production technician - wc50,1978-01-26,m,f,2008-12-07,False,95,67,11.0,1,7,production,manufacturing,1,2008-12-07,2025-10-16 07:00:00,2025-10-16 15:00:00
110,857651804,adventure-works\jun0,production technician - wc50,1979-07-06,s,m,2008-12-14,False,90,65,11.0,1,7,production,manufacturing,1,2008-12-14,2025-10-16 07:00:00,2025-10-16 15:00:00
111,415823523,adventure-works\suroor0,production technician - wc50,1978-02-25,s,m,2008-12-17,False,93,66,11.0,1,7,production,manufacturing,1,2008-12-17,2025-10-16 07:00:00,2025-10-16 15:00:00
112,981597097,adventure-works\john1,production technician - wc50,1978-05-31,s,m,2009-01-01,False,91,65,11.0,1,7,production,manufacturing,1,2009-01-01,2025-10-16 07:00:00,2025-10-16 15:00:00
113,54759846,adventure-works\linda0,production technician - wc50,1987-07-17,m,f,2008-12-25,False,96,68,11.0,1,7,production,manufacturing,1,2008-12-25,2025-10-16 07:00:00,2025-10-16 15:00:00
114,342607223,adventure-works\mindaugas0,production technician - wc50,1978-05-07,m,m,2009-01-13,False,97,68,11.0,1,7,production,manufacturing,1,2009-01-13,2025-10-16 07:00:00,2025-10-16 15:00:00
115,563680513,adventure-works\angela0,production technician - wc50,1991-05-31,s,f,2009-01-20,False,92,66,11.0,1,7,production,manufacturing,1,2009-01-20,2025-10-16 07:00:00,2025-10-16 15:00:00
116,398737566,adventure-works\michael2,production technician - wc50,1974-05-03,s,m,2009-01-31,False,98,69,11.0,1,7,production,manufacturing,1,2009-01-31,2025-10-16 07:00:00,2025-10-16 15:00:00
117,599942664,adventure-works\chad0,production technician - wc50,1990-08-04,m,m,2009-02-18,False,99,69,11.0,1,7,production,manufacturing,1,2009-02-18,2025-10-16 07:00:00,2025-10-16 15:00:00
118,222400012,adventure-works\don0,production technician - wc50,1971-06-13,m,m,2009-02-13,False,88,64,11.0,1,7,production,manufacturing,1,2009-02-13,2025-10-16 07:00:00,2025-10-16 15:00:00
119,334834274,adventure-works\michael4,production technician - wc50,1989-06-15,s,m,2009-02-25,False,94,67,11.0,1,7,production,manufacturing,1,2009-02-25,2025-10-16 07:00:00,2025-10-16 15:00:00
120,211789056,adventure-works\kitti0,production technician - wc50,1987-06-06,s,f,2009-03-04,False,89,64,11.0,1,7,production,manufacturing,1,2009-03-04,2025-10-16 07:00:00,2025-10-16 15:00:00
121,521265716,adventure-works\pilar0,shipping and receiving supervisor,1972-09-09,s,m,2009-01-02,True,93,66,19.2308,2,15,shipping and receiving,inventory management,1,2009-01-02,2025-10-16 07:00:00,2025-10-16 15:00:00
122,586486572,adventure-works\susan0,stocker,1978-02-17,s,f,2008-12-07,False,97,68,9.0,1,15,shipping and receiving,inventory management,2,2008-12-07,2025-10-16 15:00:00,2025-10-16 23:00:00
123,337752649,adventure-works\vamsi0,shipping and receiving clerk,1977-03-18,m,m,2008-12-07,False,95,67,9.5,2,15,shipping and receiving,inventory management,2,2008-12-07,2025-10-16 15:00:00,2025-10-16 23:00:00
124,420776180,adventure-works\kim0,stocker,1984-04-30,s,f,2008-12-26,False,98,69,9.0,1,15,shipping and receiving,inventory management,3,2008-12-26,2025-10-16 23:00:00,2025-10-16 07:00:00
125,584205124,adventure-works\matthias0,shipping and receiving clerk,1973-11-11,m,m,2009-01-20,False,94,67,9.5,2,15,shipping and receiving,inventory management,1,2009-01-20,2025-10-16 07:00:00,2025-10-16 15:00:00
126,652779496,adventure-works\jimmy0,stocker,1985-05-04,m,m,2009-02-26,False,96,68,9.0,1,15,shipping and receiving,inventory management,1,2009-02-26,2025-10-16 07:00:00,2025-10-16 15:00:00
127,750905084,adventure-works\david4,production supervisor - wc40,1983-07-02,s,m,2009-01-03,False,73,56,25.0,2,7,production,manufacturing,3,2009-01-03,2025-10-16 23:00:00,2025-10-16 07:00:00
128,384162788,adventure-works\paul0,production technician - wc40,1980-11-13,s,m,2008-12-04,False,68,54,15.0,1,7,production,manufacturing,3,2008-12-04,2025-10-16 23:00:00,2025-10-16 07:00:00
129,502058701,adventure-works\gary0,production technician - wc40,1988-05-16,s,m,2008-12-22,False,69,54,15.0,1,7,production,manufacturing,3,2008-12-22,2025-10-16 23:00:00,2025-10-16 07:00:00
130,578953538,adventure-works\rob1,production technician - wc40,1973-08-04,s,m,2009-02-13,False,71,55,15.0,1,7,production,manufacturing,3,2009-02-13,2025-10-16 23:00:00,2025-10-16 07:00:00
131,273260055,adventure-works\baris0,production technician - wc40,1990-10-07,s,m,2009-02-15,False,72,56,15.0,1,7,production,manufacturing,3,2009-02-15,2025-10-16 23:00:00,2025-10-16 07:00:00
132,1300049,adventure-works\nicole0,production technician - wc40,1986-04-09,m,f,2009-02-22,False,67,53,15.0,1,7,production,manufacturing,3,2009-02-22,2025-10-16 23:00:00,2025-10-16 07:00:00
133,830150469,adventure-works\michael1,production technician - wc40,1991-01-04,s,m,2009-01-10,False,70,55,15.0,1,7,production,manufacturing,3,2009-01-10,2025-10-16 23:00:00,2025-10-16 07:00:00
134,45615666,adventure-works\eric0,production supervisor - wc20,1985-01-19,m,m,2009-01-14,False,40,40,25.0,2,7,production,manufacturing,1,2009-01-14,2025-10-16 07:00:00,2025-10-16 15:00:00
135,964089218,adventure-works\ivo0,production technician - wc20,1982-01-03,m,m,2008-12-04,False,9,24,14.0,1,7,production,manufacturing,1,2008-12-04,2025-10-16 07:00:00,2025-10-16 15:00:00
136,701156975,adventure-works\sylvester0,production technician - wc20,1970-11-12,m,m,2009-12-11,False,4,22,14.0,1,7,production,manufacturing,1,2009-12-11,2025-10-16 07:00:00,2025-10-16 15:00:00
137,63761469,adventure-works\anibal0,production technician - wc20,1974-09-05,s,f,2009-02-23,False,8,24,14.0,1,7,production,manufacturing,1,2009-02-23,2025-10-16 07:00:00,2025-10-16 15:00:00
138,25011600,adventure-works\samantha0,production technician - wc20,1987-11-22,m,f,2009-02-04,False,7,23,14.0,1,7,production,manufacturing,1,2009-02-04,2025-10-16 07:00:00,2025-10-16 15:00:00
139,113393530,adventure-works\hung-fu0,production technician - wc20,1971-10-23,s,m,2010-01-06,False,0,20,14.0,1,7,production,manufacturing,1,2010-01-06,2025-10-16 07:00:00,2025-10-16 15:00:00
140,339233463,adventure-works\prasanna0,production technician - wc20,1953-04-30,m,m,2010-01-22,False,5,22,14.0,1,7,production,manufacturing,1,2010-01-22,2025-10-16 07:00:00,2025-10-16 15:00:00
141,872923042,adventure-works\min0,production technician - wc20,1974-09-10,m,m,2010-01-24,False,1,20,14.0,1,7,production,manufacturing,1,2010-01-24,2025-10-16 07:00:00,2025-10-16 15:00:00
142,163347032,adventure-works\olinda0,production technician - wc20,1970-04-04,s,f,2010-03-04,False,3,21,14.0,1,7,production,manufacturing,1,2010-03-04,2025-10-16 07:00:00,2025-10-16 15:00:00
143,56772045,adventure-works\krishna0,production technician - wc20,1971-09-05,s,m,2010-02-13,False,2,21,14.0,1,7,production,manufacturing,1,2010-02-13,2025-10-16 07:00:00,2025-10-16 15:00:00
144,886023130,adventure-works\paul1,production technician - wc20,1990-11-04,m,m,2009-01-17,False,6,23,14.0,1,7,production,manufacturing,1,2009-01-17,2025-10-16 07:00:00,2025-10-16 15:00:00
145,386315192,adventure-works\cynthia0,production supervisor - wc30,1981-08-18,s,f,2009-01-27,False,69,54,25.0,2,7,production,manufacturing,2,2009-01-27,2025-10-16 15:00:00,2025-10-16 23:00:00
146,160739235,adventure-works\jianshuo0,production technician - wc30,1989-06-25,s,m,2008-12-07,False,36,38,9.5,1,7,production,manufacturing,2,2008-12-07,2025-10-16 15:00:00,2025-10-16 23:00:00
147,604664374,adventure-works\sandra0,production technician - wc30,1975-11-05,m,f,2008-12-26,False,37,38,9.5,1,7,production,manufacturing,2,2008-12-26,2025-10-16 15:00:00,2025-10-16 23:00:00
148,733022683,adventure-works\jason0,production technician - wc30,1988-12-07,s,m,2009-01-14,False,38,39,9.5,1,7,production,manufacturing,2,2009-01-14,2025-10-16 15:00:00,2025-10-16 23:00:00
149,764853868,adventure-works\andy0,production technician - wc30,1983-10-20,m,m,2009-01-31,False,39,39,9.5,1,7,production,manufacturing,2,2009-01-31,2025-10-16 15:00:00,2025-10-16 23:00:00
150,878395493,adventure-works\michael5,production technician - wc30,1982-09-18,m,m,2009-02-26,False,35,37,9.5,1,7,production,manufacturing,2,2009-02-26,2025-10-16 15:00:00,2025-10-16 23:00:00
151,993310268,adventure-works\rostislav0,production technician - wc30,1977-09-13,m,m,2009-02-19,False,40,40,9.5,1,7,production,manufacturing,2,2009-02-19,2025-10-16 15:00:00,2025-10-16 23:00:00
152,319472946,adventure-works\yuhong0,production supervisor - wc20,1977-04-06,m,m,2009-02-01,False,41,40,25.0,2,7,production,manufacturing,2,2009-02-01,2025-10-16 15:00:00,2025-10-16 23:00:00
153,568596888,adventure-works\hanying0,production technician - wc20,1974-10-16,s,m,2008-12-16,False,15,27,14.0,1,7,production,manufacturing,2,2008-12-16,2025-10-16 15:00:00,2025-10-16 23:00:00
154,97728960,adventure-works\raymond0,production technician - wc20,1967-03-02,m,m,2008-12-23,False,10,25,14.0,1,7,production,manufacturing,2,2008-12-23,2025-10-16 15:00:00,2025-10-16 23:00:00
155,212801092,adventure-works\fadi0,production technician - wc20,1989-02-15,s,m,2009-01-04,False,16,28,14.0,1,7,production,manufacturing,2,2009-01-04,2025-10-16 15:00:00,2025-10-16 23:00:00
156,322160340,adventure-works\lane0,production technician - wc20,1974-09-23,m,m,2009-01-11,False,11,25,14.0,1,7,production,manufacturing,2,2009-01-11,2025-10-16 15:00:00,2025-10-16 23:00:00
157,812797414,adventure-works\linda1,production technician - wc20,1977-10-05,s,f,2009-02-03,False,12,26,14.0,1,7,production,manufacturing,2,2009-02-03,2025-10-16 15:00:00,2025-10-16 23:00:00
158,300946911,adventure-works\shelley0,production technician - wc20,1986-12-08,s,f,2009-03-07,False,14,27,14.0,1,7,production,manufacturing,2,2009-03-07,2025-10-16 15:00:00,2025-10-16 23:00:00
159,404159499,adventure-works\terrence0,production technician - wc20,1984-12-08,s,m,2009-02-16,False,13,26,14.0,1,7,production,manufacturing,2,2009-02-16,2025-10-16 15:00:00,2025-10-16 23:00:00
160,712885347,adventure-works\jeff0,production supervisor - wc45,1977-01-15,m,m,2009-01-21,False,74,57,25.0,2,7,production,manufacturing,1,2009-01-21,2025-10-16 07:00:00,2025-10-16 15:00:00
161,275962311,adventure-works\kirk0,production technician - wc45,1985-02-06,s,m,2008-12-15,False,74,57,10.0,1,7,production,manufacturing,1,2008-12-15,2025-10-16 07:00:00,2025-10-16 15:00:00
162,514829225,adventure-works\laura0,production technician - wc45,1980-12-25,s,f,2009-01-03,False,75,57,10.0,1,7,production,manufacturing,1,2009-01-03,2025-10-16 07:00:00,2025-10-16 15:00:00
163,377784364,adventure-works\alex0,production technician - wc45,1990-04-13,m,m,2009-02-08,False,77,58,10.0,1,7,production,manufacturing,1,2009-02-08,2025-10-16 07:00:00,2025-10-16 15:00:00
164,65848458,adventure-works\andrew1,production technician - wc45,1988-09-24,s,m,2009-03-06,False,73,56,10.0,1,7,production,manufacturing,1,2009-03-06,2025-10-16 07:00:00,2025-10-16 15:00:00
165,539490372,adventure-works\chris0,production technician - wc45,1988-12-16,m,m,2009-01-22,False,76,58,10.0,1,7,production,manufacturing,1,2009-01-22,2025-10-16 07:00:00,2025-10-16 15:00:00
166,60114406,adventure-works\jack0,production supervisor - wc30,1983-06-22,s,m,2009-02-21,False,68,54,25.0,2,7,production,manufacturing,1,2009-02-21,2025-10-16 07:00:00,2025-10-16 15:00:00
167,498138869,adventure-works\david1,production technician - wc30,1979-11-02,s,m,2008-12-02,False,25,32,6.5,1,7,production,manufacturing,1,2008-12-02,2025-10-16 07:00:00,2025-10-16 15:00:00
167,498138869,adventure-works\david1,production technician - wc30,1979-11-02,s,m,2008-12-02,False,25,32,7.25,1,7,production,manufacturing,1,2008-12-02,2025-10-16 07:00:00,2025-10-16 15:00:00
167,498138869,adventure-works\david1,production technician - wc30,1979-11-02,s,m,2008-12-02,False,25,32,9.5,1,7,production,manufacturing,1,2008-12-02,2025-10-16 07:00:00,2025-10-16 15:00:00
168,271438431,adventure-works\garrett0,production technician - wc30,1984-08-25,s,m,2008-12-07,False,34,37,9.5,1,7,production,manufacturing,1,2008-12-07,2025-10-16 07:00:00,2025-10-16 15:00:00
169,351069889,adventure-works\susan1,production technician - wc30,1983-04-02,s,f,2008-12-14,False,31,35,9.5,1,7,production,manufacturing,1,2008-12-14,2025-10-16 07:00:00,2025-10-16 15:00:00
170,476115505,adventure-works\george0,production technician - wc30,1977-04-16,m,m,2008-12-21,False,26,33,6.5,1,7,production,manufacturing,1,2008-12-21,2025-10-16 07:00:00,2025-10-16 15:00:00
170,476115505,adventure-works\george0,production technician - wc30,1977-04-16,m,m,2008-12-21,False,26,33,7.25,1,7,production,manufacturing,1,2008-12-21,2025-10-16 07:00:00,2025-10-16 15:00:00
170,476115505,adventure-works\george0,production technician - wc30,1977-04-16,m,m,2008-12-21,False,26,33,9.5,1,7,production,manufacturing,1,2008-12-21,2025-10-16 07:00:00,2025-10-16 15:00:00
171,746373306,adventure-works\david3,production technician - wc30,1981-08-03,s,m,2009-01-02,False,32,36,9.5,1,7,production,manufacturing,1,2009-01-02,2025-10-16 07:00:00,2025-10-16 15:00:00
172,364818297,adventure-works\marc0,production technician - wc30,1986-10-24,m,m,2009-01-16,False,22,31,6.5,1,7,production,manufacturing,1,2009-01-16,2025-10-16 07:00:00,2025-10-16 15:00:00
172,364818297,adventure-works\marc0,production technician - wc30,1986-10-24,m,m,2009-01-16,False,22,31,7.25,1,7,production,manufacturing,1,2009-01-16,2025-10-16 07:00:00,2025-10-16 15:00:00
172,364818297,adventure-works\marc0,production technician - wc30,1986-10-24,m,m,2009-01-16,False,22,31,9.5,1,7,production,manufacturing,1,2009-01-16,2025-10-16 07:00:00,2025-10-16 15:00:00
173,87268837,adventure-works\eugene0,production technician - wc30,1987-07-15,s,m,2009-01-21,False,33,36,9.5,1,7,production,manufacturing,1,2009-01-21,2025-10-16 07:00:00,2025-10-16 15:00:00
174,585408256,adventure-works\benjamin0,production technician - wc30,1986-01-05,s,m,2009-01-27,False,28,34,6.75,1,7,production,manufacturing,1,2009-01-27,2025-10-16 07:00:00,2025-10-16 15:00:00
174,585408256,adventure-works\benjamin0,production technician - wc30,1986-01-05,s,m,2009-01-27,False,28,34,7.25,1,7,production,manufacturing,1,2009-01-27,2025-10-16 07:00:00,2025-10-16 15:00:00
174,585408256,adventure-works\benjamin0,production technician - wc30,1986-01-05,s,m,2009-01-27,False,28,34,9.5,1,7,production,manufacturing,1,2009-01-27,2025-10-16 07:00:00,2025-10-16 15:00:00
175,259388196,adventure-works\reed0,production technician - wc30,1989-01-08,m,m,2009-02-02,False,23,31,6.5,1,7,production,manufacturing,1,2009-02-02,2025-10-16 07:00:00,2025-10-16 15:00:00
175,259388196,adventure-works\reed0,production technician - wc30,1989-01-08,m,m,2009-02-02,False,23,31,7.25,1,7,production,manufacturing,1,2009-02-02,2025-10-16 07:00:00,2025-10-16 15:00:00
175,259388196,adventure-works\reed0,production technician - wc30,1989-01-08,m,m,2009-02-02,False,23,31,9.5,1,7,production,manufacturing,1,2009-02-02,2025-10-16 07:00:00,2025-10-16 15:00:00
176,860123571,adventure-works\david7,production technician - wc30,1985-09-23,m,m,2009-02-14,False,29,34,6.5,1,7,production,manufacturing,1,2009-02-14,2025-10-16 07:00:00,2025-10-16 15:00:00
176,860123571,adventure-works\david7,production technician - wc30,1985-09-23,m,m,2009-02-14,False,29,34,7.25,1,7,production,manufacturing,1,2009-02-14,2025-10-16 07:00:00,2025-10-16 15:00:00
176,860123571,adventure-works\david7,production technician - wc30,1985-09-23,m,m,2009-02-14,False,29,34,9.5,1,7,production,manufacturing,1,2009-02-14,2025-10-16 07:00:00,2025-10-16 15:00:00
177,551346974,adventure-works\russell1,production technician - wc30,1982-02-11,m,m,2009-02-21,False,24,32,6.5,1,7,production,manufacturing,1,2009-02-21,2025-10-16 07:00:00,2025-10-16 15:00:00
177,551346974,adventure-works\russell1,production technician - wc30,1982-02-11,m,m,2009-02-21,False,24,32,7.25,1,7,production,manufacturing,1,2009-02-21,2025-10-16 07:00:00,2025-10-16 15:00:00
177,551346974,adventure-works\russell1,production technician - wc30,1982-02-11,m,m,2009-02-21,False,24,32,9.5,1,7,production,manufacturing,1,2009-02-21,2025-10-16 07:00:00,2025-10-16 15:00:00
178,568626529,adventure-works\john3,production technician - wc30,1982-03-24,s,m,2009-03-03,False,27,33,6.5,1,7,production,manufacturing,1,2009-03-03,2025-10-16 07:00:00,2025-10-16 15:00:00
178,568626529,adventure-works\john3,production technician - wc30,1982-03-24,s,m,2009-03-03,False,27,33,7.0,1,7,production,manufacturing,1,2009-03-03,2025-10-16 07:00:00,2025-10-16 15:00:00
178,568626529,adventure-works\john3,production technician - wc30,1982-03-24,s,m,2009-03-03,False,27,33,9.5,1,7,production,manufacturing,1,2009-03-03,2025-10-16 07:00:00,2025-10-16 15:00:00
179,587567941,adventure-works\jan0,production technician - wc30,1974-11-15,s,m,2009-03-05,False,30,35,9.5,1,7,production,manufacturing,1,2009-03-05,2025-10-16 07:00:00,2025-10-16 15:00:00
180,862951447,adventure-works\katie0,production supervisor - wc20,1984-11-18,s,f,2009-02-20,False,42,41,25.0,2,7,production,manufacturing,3,2009-02-20,2025-10-16 23:00:00,2025-10-16 07:00:00
181,545337468,adventure-works\michael0,production technician - wc20,1984-11-17,s,m,2008-12-09,False,20,30,14.0,1,7,production,manufacturing,3,2008-12-09,2025-10-16 23:00:00,2025-10-16 07:00:00
182,368920189,adventure-works\nitin0,production technician - wc20,1986-12-01,s,m,2008-12-28,False,21,30,14.0,1,7,production,manufacturing,3,2008-12-28,2025-10-16 23:00:00,2025-10-16 07:00:00
183,969985265,adventure-works\barbara0,production technician - wc20,1979-07-02,m,f,2009-01-22,False,17,28,14.0,1,7,production,manufacturing,3,2009-01-22,2025-10-16 23:00:00,2025-10-16 07:00:00
184,305522471,adventure-works\john2,production technician - wc20,1986-04-05,m,m,2009-02-09,False,18,29,14.0,1,7,production,manufacturing,3,2009-02-09,2025-10-16 23:00:00,2025-10-16 07:00:00
185,621932914,adventure-works\stefen0,production technician - wc20,1975-12-21,s,m,2009-02-28,False,19,29,14.0,1,7,production,manufacturing,3,2009-02-28,2025-10-16 23:00:00,2025-10-16 07:00:00
186,551834634,adventure-works\shane0,production supervisor - wc45,1990-05-24,s,m,2009-02-08,False,75,57,25.0,2,7,production,manufacturing,2,2009-02-08,2025-10-16 15:00:00,2025-10-16 23:00:00
187,713403643,adventure-works\yvonne0,production technician - wc45,1989-04-15,m,f,2008-12-09,False,79,59,10.0,1,7,production,manufacturing,2,2008-12-09,2025-10-16 15:00:00,2025-10-16 23:00:00
188,435234965,adventure-works\douglas0,production technician - wc45,1985-11-24,m,m,2008-12-27,False,80,60,10.0,1,7,production,manufacturing,2,2008-12-27,2025-10-16 15:00:00,2025-10-16 23:00:00
189,187369436,adventure-works\janeth0,production technician - wc45,1972-07-24,s,f,2009-01-15,False,81,60,10.0,1,7,production,manufacturing,2,2009-01-15,2025-10-16 15:00:00,2025-10-16 23:00:00
190,456839592,adventure-works\robert0,production technician - wc45,1985-02-28,s,m,2009-02-02,False,82,61,10.0,1,7,production,manufacturing,2,2009-02-02,2025-10-16 15:00:00,2025-10-16 23:00:00
191,399658727,adventure-works\lionel0,production technician - wc45,1988-03-14,s,m,2009-02-26,False,78,59,10.0,1,7,production,manufacturing,2,2009-02-26,2025-10-16 15:00:00,2025-10-16 23:00:00
192,634335025,adventure-works\brenda0,production supervisor - wc40,1983-02-28,m,f,2009-03-05,False,71,55,25.0,2,7,production,manufacturing,1,2009-03-05,2025-10-16 07:00:00,2025-10-16 15:00:00
193,761597760,adventure-works\alejandro0,production technician - wc40,1988-12-05,s,m,2008-12-06,False,52,46,15.0,1,7,production,manufacturing,1,2008-12-06,2025-10-16 07:00:00,2025-10-16 15:00:00
194,295971920,adventure-works\fred0,production technician - wc40,1989-06-25,s,m,2008-12-12,False,47,43,15.0,1,7,production,manufacturing,1,2008-12-12,2025-10-16 07:00:00,2025-10-16 15:00:00
195,918737118,adventure-works\kevin1,production technician - wc40,1985-12-25,s,m,2008-12-17,False,58,49,15.0,1,7,production,manufacturing,1,2008-12-17,2025-10-16 07:00:00,2025-10-16 15:00:00
196,370487086,adventure-works\shammi0,production technician - wc40,1980-10-04,m,m,2008-12-24,False,53,46,15.0,1,7,production,manufacturing,1,2008-12-24,2025-10-16 07:00:00,2025-10-16 15:00:00
197,632092621,adventure-works\rajesh0,production technician - wc40,1977-10-04,m,m,2008-12-31,False,48,44,15.0,1,7,production,manufacturing,1,2008-12-31,2025-10-16 07:00:00,2025-10-16 15:00:00
198,19312190,adventure-works\lorraine0,production technician - wc40,1988-11-26,m,f,2009-01-04,False,49,44,15.0,1,7,production,manufacturing,1,2009-01-04,2025-10-16 07:00:00,2025-10-16 15:00:00
199,992874797,adventure-works\paula1,production technician - wc40,1987-02-10,m,f,2009-01-12,False,54,47,15.0,1,7,production,manufacturing,1,2009-01-12,2025-10-16 07:00:00,2025-10-16 15:00:00
200,749211824,adventure-works\frank0,production technician - wc40,1987-09-06,m,m,2009-01-17,False,56,48,15.0,1,7,production,manufacturing,1,2009-01-17,2025-10-16 07:00:00,2025-10-16 15:00:00
201,746201340,adventure-works\brian0,production technician - wc40,1977-02-10,s,m,2009-01-29,False,55,47,15.0,1,7,production,manufacturing,1,2009-01-29,2025-10-16 07:00:00,2025-10-16 15:00:00
202,436757988,adventure-works\tawana0,production technician - wc40,1989-11-10,s,m,2009-02-05,False,50,45,15.0,1,7,production,manufacturing,1,2009-02-05,2025-10-16 07:00:00,2025-10-16 15:00:00
203,693168613,adventure-works\ken1,production technician - wc40,1981-05-28,m,m,2009-02-24,False,51,45,15.0,1,7,production,manufacturing,1,2009-02-24,2025-10-16 07:00:00,2025-10-16 15:00:00
204,440379437,adventure-works\gabe0,production technician - wc40,1988-05-10,m,m,2009-03-08,False,57,48,15.0,1,7,production,manufacturing,1,2009-03-08,2025-10-16 07:00:00,2025-10-16 15:00:00
205,332349500,adventure-works\lori0,production supervisor - wc45,1980-07-18,s,f,2009-02-26,False,76,58,25.0,2,7,production,manufacturing,3,2009-02-26,2025-10-16 23:00:00,2025-10-16 07:00:00
206,835460180,adventure-works\stuart0,production technician - wc45,1962-09-13,s,m,2008-12-02,False,84,62,10.0,1,7,production,manufacturing,3,2008-12-02,2025-10-16 23:00:00,2025-10-16 07:00:00
207,687685941,adventure-works\greg0,production technician - wc45,1970-10-18,s,m,2008-12-02,False,85,62,10.0,1,7,production,manufacturing,3,2008-12-02,2025-10-16 23:00:00,2025-10-16 07:00:00
208,199546871,adventure-works\scott0,production technician - wc45,1987-02-10,m,m,2009-01-08,False,86,63,10.0,1,7,production,manufacturing,3,2009-01-08,2025-10-16 23:00:00,2025-10-16 07:00:00
209,167554340,adventure-works\kathie0,production technician - wc45,1990-11-01,m,f,2009-01-27,False,87,63,10.0,1,7,production,manufacturing,3,2009-01-27,2025-10-16 23:00:00,2025-10-16 07:00:00
210,20244403,adventure-works\belinda0,production technician - wc45,1969-09-17,s,f,2009-02-20,False,83,61,10.0,1,7,production,manufacturing,3,2009-02-20,2025-10-16 23:00:00,2025-10-16 07:00:00
211,398223854,adventure-works\hazem0,quality assurance manager,1977-10-26,s,m,2009-02-28,True,80,60,28.8462,2,13,quality assurance,quality assurance,1,2009-02-28,2025-10-16 07:00:00,2025-10-16 15:00:00
212,885055826,adventure-works\peng0,quality assurance supervisor,1976-03-18,m,m,2008-12-09,True,81,60,21.6346,2,13,quality assurance,quality assurance,1,2008-12-09,2025-10-16 07:00:00,2025-10-16 15:00:00
213,343861179,adventure-works\sootha0,quality assurance technician,1966-12-05,m,m,2010-02-23,False,85,62,10.5769,2,13,quality assurance,quality assurance,3,2010-02-23,2025-10-16 23:00:00,2025-10-16 07:00:00
214,131471224,adventure-works\andreas0,quality assurance technician,1989-03-28,m,m,2009-02-02,False,84,62,10.5769,2,13,quality assurance,quality assurance,2,2009-02-02,2025-10-16 15:00:00,2025-10-16 23:00:00
215,381772114,adventure-works\mark0,quality assurance technician,1986-04-30,s,m,2009-01-15,False,83,61,10.5769,2,13,quality assurance,quality assurance,1,2009-01-15,2025-10-16 07:00:00,2025-10-16 15:00:00
216,403414852,adventure-works\sean0,quality assurance technician,1976-03-06,s,m,2008-12-28,False,82,61,10.5769,2,13,quality assurance,quality assurance,1,2008-12-28,2025-10-16 07:00:00,2025-10-16 15:00:00
217,345106466,adventure-works\zainal0,document control manager,1976-01-30,m,m,2009-01-04,False,77,58,17.7885,2,12,document control,quality assurance,1,2009-01-04,2025-10-16 07:00:00,2025-10-16 15:00:00
218,540688287,adventure-works\tengiz0,control specialist,1990-04-28,s,m,2008-12-16,False,76,58,16.8269,2,12,document control,quality assurance,3,2008-12-16,2025-10-16 23:00:00,2025-10-16 07:00:00
219,242381745,adventure-works\sean1,document control assistant,1987-03-12,s,m,2009-01-22,False,78,59,10.25,2,12,document control,quality assurance,1,2009-01-22,2025-10-16 07:00:00,2025-10-16 15:00:00
220,260770918,adventure-works\karen0,document control assistant,1975-12-25,m,f,2009-02-09,False,79,59,10.25,2,12,document control,quality assurance,1,2009-02-09,2025-10-16 07:00:00,2025-10-16 15:00:00
221,260805477,adventure-works\chris1,control specialist,1987-05-26,m,m,2009-03-06,False,75,57,16.8269,2,12,document control,quality assurance,2,2009-03-06,2025-10-16 15:00:00,2025-10-16 23:00:00
222,685233686,adventure-works\ascott0,master scheduler,1968-09-17,s,m,2008-12-12,False,44,42,23.5577,2,8,production control,manufacturing,1,2008-12-12,2025-10-16 07:00:00,2025-10-16 15:00:00
223,981495526,adventure-works\sairaj0,scheduling assistant,1987-12-22,m,m,2009-01-26,False,46,43,16.0,2,8,production control,manufacturing,1,2009-01-26,2025-10-16 07:00:00,2025-10-16 15:00:00
224,621209647,adventure-works\william0,scheduling assistant,1981-11-06,m,m,2009-01-07,False,45,42,8.62,2,7,production,manufacturing,1,2009-01-07,2025-10-16 07:00:00,2025-10-16 15:00:00
224,621209647,adventure-works\william0,scheduling assistant,1981-11-06,m,m,2009-01-07,False,45,42,8.62,2,8,production control,manufacturing,1,2011-09-01,2025-10-16 07:00:00,2025-10-16 15:00:00
224,621209647,adventure-works\william0,scheduling assistant,1981-11-06,m,m,2009-01-07,False,45,42,13.5,2,7,production,manufacturing,1,2009-01-07,2025-10-16 07:00:00,2025-10-16 15:00:00
224,621209647,adventure-works\william0,scheduling assistant,1981-11-06,m,m,2009-01-07,False,45,42,13.5,2,8,production control,manufacturing,1,2011-09-01,2025-10-16 07:00:00,2025-10-16 15:00:00
224,621209647,adventure-works\william0,scheduling assistant,1981-11-06,m,m,2009-01-07,False,45,42,16.0,2,7,production,manufacturing,1,2009-01-07,2025-10-16 07:00:00,2025-10-16 15:00:00
224,621209647,adventure-works\william0,scheduling assistant,1981-11-06,m,m,2009-01-07,False,45,42,16.0,2,8,production control,manufacturing,1,2011-09-01,2025-10-16 07:00:00,2025-10-16 15:00:00
225,470689086,adventure-works\alan0,scheduling assistant,1984-03-29,m,m,2009-02-13,False,47,43,16.0,2,8,production control,manufacturing,2,2009-02-13,2025-10-16 15:00:00,2025-10-16 23:00:00
226,368691270,adventure-works\brian1,scheduling assistant,1984-08-11,m,m,2009-03-03,False,48,44,16.0,2,8,production control,manufacturing,3,2009-03-03,2025-10-16 23:00:00,2025-10-16 07:00:00
227,141165819,adventure-works\gary1,facilities manager,1971-02-18,m,m,2009-12-02,True,86,63,24.0385,2,14,facilities and maintenance,executive general and administration,1,2009-12-02,2025-10-16 07:00:00,2025-10-16 15:00:00
228,553069203,adventure-works\christian0,maintenance supervisor,1976-01-18,m,m,2008-12-14,True,92,66,20.4327,2,14,facilities and maintenance,executive general and administration,1,2008-12-14,2025-10-16 07:00:00,2025-10-16 15:00:00
229,879334904,adventure-works\lori1,janitor,1970-07-31,m,f,2010-02-16,False,90,65,9.25,1,14,facilities and maintenance,executive general and administration,3,2010-02-16,2025-10-16 23:00:00,2025-10-16 07:00:00
230,28414965,adventure-works\stuart1,janitor,1971-12-17,m,m,2010-03-05,False,88,64,9.25,1,14,facilities and maintenance,executive general and administration,2,2010-03-05,2025-10-16 15:00:00,2025-10-16 23:00:00
231,153479919,adventure-works\jo1,janitor,1954-04-24,m,f,2010-03-07,False,91,65,9.25,1,14,facilities and maintenance,executive general and administration,3,2010-03-07,2025-10-16 23:00:00,2025-10-16 07:00:00
232,646304055,adventure-works\pat0,janitor,1970-12-03,s,m,2010-01-27,False,89,64,9.25,1,14,facilities and maintenance,executive general and administration,2,2010-01-27,2025-10-16 15:00:00,2025-10-16 23:00:00
233,552560652,adventure-works\magnus0,facilities administrative assistant,1971-08-27,m,m,2009-12-21,False,87,63,9.75,2,14,facilities and maintenance,executive general and administration,1,2009-12-21,2025-10-16 07:00:00,2025-10-16 15:00:00
234,184188301,adventure-works\laura1,chief financial officer,1976-01-06,m,f,2009-01-31,True,0,20,39.06,2,10,finance,executive general and administration,1,2009-01-31,2025-10-16 07:00:00,2025-10-16 15:00:00
234,184188301,adventure-works\laura1,chief financial officer,1976-01-06,m,f,2009-01-31,True,0,20,39.06,2,16,executive,executive general and administration,1,2013-11-14,2025-10-16 07:00:00,2025-10-16 15:00:00
234,184188301,adventure-works\laura1,chief financial officer,1976-01-06,m,f,2009-01-31,True,0,20,48.5577,2,10,finance,executive general and administration,1,2009-01-31,2025-10-16 07:00:00,2025-10-16 15:00:00
234,184188301,adventure-works\laura1,chief financial officer,1976-01-06,m,f,2009-01-31,True,0,20,48.5577,2,16,executive,executive general and administration,1,2013-11-14,2025-10-16 07:00:00,2025-10-16 15:00:00
234,184188301,adventure-works\laura1,chief financial officer,1976-01-06,m,f,2009-01-31,True,0,20,60.0962,2,10,finance,executive general and administration,1,2009-01-31,2025-10-16 07:00:00,2025-10-16 15:00:00
234,184188301,adventure-works\laura1,chief financial officer,1976-01-06,m,f,2009-01-31,True,0,20,60.0962,2,16,executive,executive general and administration,1,2013-11-14,2025-10-16 07:00:00,2025-10-16 15:00:00
235,535145551,adventure-works\paula0,human resources manager,1976-02-11,m,f,2008-12-06,True,54,47,27.1394,2,9,human resources,executive general and administration,1,2008-12-06,2025-10-16 07:00:00,2025-10-16 15:00:00
236,476980013,adventure-works\grant0,human resources administrative assistant,1976-04-16,s,m,2009-02-25,False,53,46,13.9423,2,9,human resources,executive general and administration,1,2009-02-25,2025-10-16 07:00:00,2025-10-16 15:00:00
237,416679555,adventure-works\hao0,human resources administrative assistant,1977-04-17,s,m,2009-02-06,False,52,46,13.9423,2,9,human resources,executive general and administration,1,2009-02-06,2025-10-16 07:00:00,2025-10-16 15:00:00
238,264306399,adventure-works\vidur0,recruiter,1984-08-01,s,m,2009-01-01,False,50,45,18.2692,2,9,human resources,executive general and administration,1,2009-01-01,2025-10-16 07:00:00,2025-10-16 15:00:00
239,619308550,adventure-works\mindy0,benefits specialist,1984-11-20,m,f,2008-12-25,False,51,45,16.5865,2,9,human resources,executive general and administration,1,2008-12-25,2025-10-16 07:00:00,2025-10-16 15:00:00
240,332040978,adventure-works\willis0,recruiter,1978-07-18,s,m,2008-12-13,False,49,44,18.2692,2,9,human resources,executive general and administration,1,2008-12-13,2025-10-16 07:00:00,2025-10-16 15:00:00
241,30845,adventure-works\david6,accounts manager,1983-07-08,m,m,2009-01-30,True,57,48,34.7356,2,10,finance,executive general and administration,1,2009-01-30,2025-10-16 07:00:00,2025-10-16 15:00:00
242,363923697,adventure-works\deborah0,accounts receivable specialist,1976-03-06,m,f,2008-12-18,False,60,50,19.0,2,10,finance,executive general and administration,1,2008-12-18,2025-10-16 07:00:00,2025-10-16 15:00:00
243,60517918,adventure-works\candy0,accounts receivable specialist,1976-02-23,s,f,2009-01-06,False,61,50,19.0,2,10,finance,executive general and administration,1,2009-01-06,2025-10-16 07:00:00,2025-10-16 15:00:00
244,931190412,adventure-works\bryan1,accounts receivable specialist,1984-09-20,s,m,2009-01-24,False,62,51,19.0,2,10,finance,executive general and administration,1,2009-01-24,2025-10-16 07:00:00,2025-10-16 15:00:00
245,363910111,adventure-works\barbara1,accountant,1976-01-04,m,f,2009-02-18,True,58,49,26.4423,2,10,finance,executive general and administration,1,2009-02-18,2025-10-16 07:00:00,2025-10-16 15:00:00
246,663843431,adventure-works\dragan0,accounts payable specialist,1977-02-14,m,m,2009-02-11,False,63,51,19.0,2,10,finance,executive general and administration,1,2009-02-11,2025-10-16 07:00:00,2025-10-16 15:00:00
247,519756660,adventure-works\janet0,accounts payable specialist,1979-03-09,m,f,2009-03-01,False,64,52,19.0,2,10,finance,executive general and administration,1,2009-03-01,2025-10-16 07:00:00,2025-10-16 15:00:00
248,480951955,adventure-works\mike0,accountant,1979-07-01,s,m,2009-03-08,True,59,49,26.4423,2,10,finance,executive general and administration,1,2009-03-08,2025-10-16 07:00:00,2025-10-16 15:00:00
249,121491555,adventure-works\wendy0,finance manager,1984-10-11,s,f,2008-12-25,True,55,47,43.2692,2,10,finance,executive general and administration,1,2008-12-25,2025-10-16 07:00:00,2025-10-16 15:00:00
250,895209680,adventure-works\sheela0,purchasing manager,1978-02-10,s,f,2011-02-25,True,49,44,9.86,2,4,marketing,sales and marketing,1,2011-02-25,2025-10-16 07:00:00,2025-10-16 15:00:00
250,895209680,adventure-works\sheela0,purchasing manager,1978-02-10,s,f,2011-02-25,True,49,44,9.86,2,13,quality assurance,quality assurance,1,2011-07-31,2025-10-16 07:00:00,2025-10-16 15:00:00
250,895209680,adventure-works\sheela0,purchasing manager,1978-02-10,s,f,2011-02-25,True,49,44,9.86,2,5,purchasing,inventory management,1,2012-07-15,2025-10-16 07:00:00,2025-10-16 15:00:00
250,895209680,adventure-works\sheela0,purchasing manager,1978-02-10,s,f,2011-02-25,True,49,44,22.5,2,4,marketing,sales and marketing,1,2011-02-25,2025-10-16 07:00:00,2025-10-16 15:00:00
250,895209680,adventure-works\sheela0,purchasing manager,1978-02-10,s,f,2011-02-25,True,49,44,22.5,2,13,quality assurance,quality assurance,1,2011-07-31,2025-10-16 07:00:00,2025-10-16 15:00:00
250,895209680,adventure-works\sheela0,purchasing manager,1978-02-10,s,f,2011-02-25,True,49,44,22.5,2,5,purchasing,inventory management,1,2012-07-15,2025-10-16 07:00:00,2025-10-16 15:00:00
250,895209680,adventure-works\sheela0,purchasing manager,1978-02-10,s,f,2011-02-25,True,49,44,30.0,2,4,marketing,sales and marketing,1,2011-02-25,2025-10-16 07:00:00,2025-10-16 15:00:00
250,895209680,adventure-works\sheela0,purchasing manager,1978-02-10,s,f,2011-02-25,True,49,44,30.0,2,13,quality assurance,quality assurance,1,2011-07-31,2025-10-16 07:00:00,2025-10-16 15:00:00
250,895209680,adventure-works\sheela0,purchasing manager,1978-02-10,s,f,2011-02-25,True,49,44,30.0,2,5,purchasing,inventory management,1,2012-07-15,2025-10-16 07:00:00,2025-10-16 15:00:00
251,603686790,adventure-works\mikael0,buyer,1984-08-17,s,m,2009-02-10,False,59,49,18.2692,2,5,purchasing,inventory management,1,2009-02-10,2025-10-16 07:00:00,2025-10-16 15:00:00
252,792847334,adventure-works\arvind0,buyer,1974-08-21,m,m,2009-02-28,False,60,50,18.2692,2,5,purchasing,inventory management,1,2009-02-28,2025-10-16 07:00:00,2025-10-16 15:00:00
253,407505660,adventure-works\linda2,buyer,1970-11-30,m,f,2009-12-17,False,56,48,18.2692,2,5,purchasing,inventory management,1,2009-12-17,2025-10-16 07:00:00,2025-10-16 15:00:00
254,482810518,adventure-works\fukiko0,buyer,1970-11-24,m,m,2010-01-04,False,57,48,18.2692,2,5,purchasing,inventory management,1,2010-01-04,2025-10-16 07:00:00,2025-10-16 15:00:00
255,466142721,adventure-works\gordon0,buyer,1966-11-29,m,m,2010-01-11,False,52,46,18.2692,2,5,purchasing,inventory management,1,2010-01-11,2025-10-16 07:00:00,2025-10-16 15:00:00
256,367453993,adventure-works\frank2,buyer,1952-05-12,m,m,2010-01-23,False,58,49,18.2692,2,5,purchasing,inventory management,1,2010-01-23,2025-10-16 07:00:00,2025-10-16 15:00:00
257,381073001,adventure-works\eric2,buyer,1972-09-17,s,m,2010-01-27,False,54,47,18.2692,2,5,purchasing,inventory management,1,2010-01-27,2025-10-16 07:00:00,2025-10-16 15:00:00
258,785853949,adventure-works\erin0,buyer,1971-01-04,s,f,2010-01-31,False,53,46,18.2692,2,5,purchasing,inventory management,1,2010-01-31,2025-10-16 07:00:00,2025-10-16 15:00:00
259,20269531,adventure-works\ben0,buyer,1973-06-03,m,m,2010-03-09,False,55,47,18.2692,2,5,purchasing,inventory management,1,2010-03-09,2025-10-16 07:00:00,2025-10-16 15:00:00
260,437296311,adventure-works\annette0,purchasing assistant,1978-01-29,m,f,2010-12-06,False,50,45,12.75,2,5,purchasing,inventory management,1,2010-12-06,2025-10-16 07:00:00,2025-10-16 15:00:00
261,280633567,adventure-works\reinout0,purchasing assistant,1978-01-17,m,m,2010-12-25,False,51,45,12.75,2,5,purchasing,inventory management,1,2010-12-25,2025-10-16 07:00:00,2025-10-16 15:00:00
262,231203233,adventure-works\david5,assistant to the chief financial officer,1964-06-21,s,m,2009-01-12,False,56,48,13.4615,2,10,finance,executive general and administration,1,2009-01-12,2025-10-16 07:00:00,2025-10-16 15:00:00
263,441044382,adventure-works\jean0,information services manager,1975-12-13,s,f,2008-12-11,True,65,52,50.4808,2,11,information services,executive general and administration,1,2008-12-11,2025-10-16 07:00:00,2025-10-16 15:00:00
264,858323870,adventure-works\stephanie0,network manager,1984-03-25,s,f,2009-02-04,True,68,54,39.6635,2,11,information services,executive general and administration,1,2009-02-04,2025-10-16 07:00:00,2025-10-16 15:00:00
265,749389530,adventure-works\ashvini0,network administrator,1977-03-27,s,m,2008-12-04,False,70,55,32.4519,2,11,information services,executive general and administration,2,2008-12-04,2025-10-16 15:00:00,2025-10-16 23:00:00
266,672243793,adventure-works\peter1,network administrator,1980-05-28,s,m,2009-02-23,False,69,54,32.4519,2,11,information services,executive general and administration,1,2009-02-23,2025-10-16 07:00:00,2025-10-16 15:00:00
267,58317344,adventure-works\karen1,application specialist,1978-05-19,s,f,2009-02-16,True,74,57,27.4038,2,11,information services,executive general and administration,1,2009-02-16,2025-10-16 07:00:00,2025-10-16 15:00:00
268,314747499,adventure-works\ramesh0,application specialist,1988-03-13,s,m,2009-02-03,True,73,56,27.4038,2,11,information services,executive general and administration,1,2009-02-03,2025-10-16 07:00:00,2025-10-16 15:00:00
269,671089628,adventure-works\dan0,application specialist,1987-05-26,m,m,2009-01-11,True,72,56,27.4038,2,11,information services,executive general and administration,1,2009-01-11,2025-10-16 07:00:00,2025-10-16 15:00:00
270,643805155,adventure-works\franois0,database administrator,1975-05-17,s,m,2009-01-17,True,67,53,38.4615,2,11,information services,executive general and administration,1,2009-01-17,2025-10-16 07:00:00,2025-10-16 15:00:00
271,929666391,adventure-works\dan1,database administrator,1976-01-06,m,m,2009-01-22,True,66,53,38.4615,2,11,information services,executive general and administration,1,2009-01-22,2025-10-16 07:00:00,2025-10-16 15:00:00
272,525932996,adventure-works\janaina0,application specialist,1985-01-30,m,f,2008-12-23,True,71,55,27.4038,2,11,information services,executive general and administration,1,2008-12-23,2025-10-16 07:00:00,2025-10-16 15:00:00
273,112432117,adventure-works\brian3,vice president of sales,1977-06-06,s,m,2011-02-15,True,10,25,72.1154,2,3,sales,sales and marketing,1,2011-02-15,2025-10-16 07:00:00,2025-10-16 15:00:00
274,502097814,adventure-works\stephen0,north american sales manager,1951-10-17,m,m,2011-01-04,True,14,27,48.101,2,3,sales,sales and marketing,1,2011-01-04,2025-10-16 07:00:00,2025-10-16 15:00:00
275,841560125,adventure-works\michael9,sales representative,1968-12-25,s,m,2011-05-31,True,38,39,23.0769,2,3,sales,sales and marketing,1,2011-05-31,2025-10-16 07:00:00,2025-10-16 15:00:00
276,191644724,adventure-works\linda3,sales representative,1980-02-27,m,f,2011-05-31,True,27,33,23.0769,2,3,sales,sales and marketing,1,2011-05-31,2025-10-16 07:00:00,2025-10-16 15:00:00
277,615389812,adventure-works\jillian0,sales representative,1962-08-29,s,f,2011-05-31,True,24,32,23.0769,2,3,sales,sales and marketing,1,2011-05-31,2025-10-16 07:00:00,2025-10-16 15:00:00
278,234474252,adventure-works\garrett1,sales representative,1975-02-04,m,m,2011-05-31,True,33,36,23.0769,2,3,sales,sales and marketing,1,2011-05-31,2025-10-16 07:00:00,2025-10-16 15:00:00
279,716374314,adventure-works\tsvi0,sales representative,1974-01-18,m,m,2011-05-31,True,29,34,23.0769,2,3,sales,sales and marketing,1,2011-05-31,2025-10-16 07:00:00,2025-10-16 15:00:00
280,61161660,adventure-works\pamela0,sales representative,1974-12-06,s,f,2011-05-31,True,22,31,23.0769,2,3,sales,sales and marketing,1,2011-05-31,2025-10-16 07:00:00,2025-10-16 15:00:00
281,139397894,adventure-works\shu0,sales representative,1968-03-09,m,m,2011-05-31,True,26,33,23.0769,2,3,sales,sales and marketing,1,2011-05-31,2025-10-16 07:00:00,2025-10-16 15:00:00
282,399771412,adventure-works\jos1,sales representative,1963-12-11,m,m,2011-05-31,True,31,35,23.0769,2,3,sales,sales and marketing,1,2011-05-31,2025-10-16 07:00:00,2025-10-16 15:00:00
283,987554265,adventure-works\david8,sales representative,1974-02-11,s,m,2011-05-31,True,23,31,23.0769,2,3,sales,sales and marketing,1,2011-05-31,2025-10-16 07:00:00,2025-10-16 15:00:00
284,90836195,adventure-works\tete0,sales representative,1978-01-05,m,m,2012-09-30,True,39,39,23.0769,2,3,sales,sales and marketing,1,2012-09-30,2025-10-16 07:00:00,2025-10-16 15:00:00
285,481044938,adventure-works\syed0,pacific sales manager,1975-01-11,m,m,2013-03-14,True,20,30,48.101,2,3,sales,sales and marketing,1,2013-03-14,2025-10-16 07:00:00,2025-10-16 15:00:00
286,758596752,adventure-works\lynn0,sales representative,1977-02-14,s,f,2013-05-30,True,36,38,23.0769,2,3,sales,sales and marketing,1,2013-05-30,2025-10-16 07:00:00,2025-10-16 15:00:00
287,982310417,adventure-works\amy0,european sales manager,1957-09-20,m,f,2012-04-16,True,21,30,48.101,2,3,sales,sales and marketing,1,2012-04-16,2025-10-16 07:00:00,2025-10-16 15:00:00
288,954276278,adventure-works\rachel0,sales representative,1975-07-09,s,f,2013-05-30,True,35,37,23.0769,2,3,sales,sales and marketing,1,2013-05-30,2025-10-16 07:00:00,2025-10-16 15:00:00
289,668991357,adventure-works\jae0,sales representative,1968-03-17,m,f,2012-05-30,True,37,38,23.0769,2,3,sales,sales and marketing,1,2012-05-30,2025-10-16 07:00:00,2025-10-16 15:00:00
290,134219713,adventure-works\ranjit0,sales representative,1975-09-30,s,m,2012-05-30,True,34,37,23.0769,2,3,sales,sales and marketing,1,2012-05-30,2025-10-16 07:00:00,2025-10-16 15:00:00
